StockId,portval
Average,1.300494826609694
Average,1.3475683356270076
Average,1.3498604779731571
Average,1.36559562433423
Average,1.3550300500524326
Average,1.3687960917179978
Average,1.367264639443568
Average,1.3670174597285862
Average,1.3682114590664027
Average,1.3662420895306144
